Eleve,Registration
Gabriel Mitchell,1
Leah Garcia,2
Isaac Davis,3
Abigail Scott,4
Matthew Cooper,5
Scarlett Anderson,6
Leah Garcia,7
Madelyn Baker,8
Grace Mitchell,9
Chloe Nelson,10
Owen Wright,11
Ava Johnson,12
Elijah Johnson,13
Samuel Baker,14
Harper Young,15
Natalie Reed,16
Zoey Carter,17
Michael Hall,18
David King,19
Tyler Foster,20
Benjamin Wilson,21
Julian Coleman,22
Ruby Nelson,23
Olivia Garcia,24
Matthew Cooper,25
Samuel Baker,26
Lila Gonzalez,27
Joshua Ramirez,28
Andrew Collins,29
Levi Ramirez,30
Samuel Baker,31
Joshua Ramirez,32
Isaac Davis,33
Daniel Lee,34
Owen Wright,35
Audrey Torres,36
Zoey Carter,37
Savannah Reed,38
Madelyn Baker,39
David King,40
Samuel Baker,41
Scarlett Anderson,42
Levi Ramirez,43
Christopher Martin,44
Sophia Martinez,45
Ava Johnson,46
Samantha Hill,47
Robert Rivera,48
Isaac Davis,49
Victoria Adams,50
Mason Allen,51
Andrew Collins,52
Owen Wright,53
Elijah Johnson,54
David King,55
Samuel Baker,56
Liam Smith,57
Addison Hill,58
Levi Ramirez,59
Leah Garcia,60
Harper Young,61
Harper Young,62
Leah Garcia,63
Anthony Campbell,64
Penelope Wright,65
Madelyn Baker,66
Liam Smith,67
Isabella Hernandez,68
Ava Johnson,69
Grace Mitchell,70
Liam Smith,71
Zoey Carter,72
Owen Wright,73
Ava Scott,74
Ethan Thompson,75
Robert Rivera,76
Dylan Ortiz,77
Christopher Martin,78
Levi Ramirez,79
Harper Young,80
Ethan Thompson,81
Lily Green,82
Sophia Martinez,83
Joseph Turner,84
Grayson Martinez,85
Samuel Baker,86
Addison Hill,87
Zachary Parker,88
Caleb Brown,89
Dylan Ortiz,90
Dylan Ortiz,91
Ava Scott,92
Elizabeth Flores,93
Grayson Martinez,94
Zoey Carter,95
Ava Scott,96
Joseph Turner,97
Noah Davis,98
David King,99
Sophia Martinez,100
David King,101
Daniel Lee,102
Anthony Campbell,103
Emily Perez,104
Mason Allen,105
Chloe Nelson,106
Ava Scott,107
Christopher Martin,108
Abigail Scott,109
Dylan Ortiz,110
Elijah Johnson,111
Natalie Reed,112
Gabriel Mitchell,113
Owen Wright,114
Olivia Garcia,115
Christopher Martin,116
Scarlett Anderson,117
Charlotte Jackson,118
Scarlett Anderson,119
Audrey Torres,120
Ava Johnson,121
Ava Johnson,122
Joshua Ramirez,123
Mason Allen,124
Charlotte Jackson,125
Ava Johnson,126
Avery Carter,127
Penelope Wright,128
Alexander Wright,129
Ava Scott,130
Harper Young,131
Samantha Hill,132
Dylan Ortiz,133
Noah Davis,134
Sophia Martinez,135
Benjamin Wilson,136
Owen Wright,137
Isaac Davis,138
Addison Hill,139
Natalie Reed,140
Christopher Martin,141
Leah Garcia,142
Zachary Parker,143
Gabriel Mitchell,144
Samuel Baker,145
Addison Hill,146
Liam Smith,147
Lily Green,148
Liam Smith,149
Elizabeth Flores,150
Ava Johnson,151
Avery Carter,152
Levi Ramirez,153
Scarlett Anderson,154
Madelyn Baker,155
Liam Smith,156
Noah Davis,157
Harper Young,158
Sophia Martinez,159
Liam Smith,160
Liam Smith,161
Avery Carter,162
Grace Mitchell,163
Harper Young,164
Charlotte Jackson,165
Victoria Adams,166
Matthew Cooper,167
Michael Hall,168
Joshua Ramirez,169
Anthony Campbell,170
Julian Coleman,171
Grace Mitchell,172
Chloe Nelson,173
Elijah Johnson,174
Andrew Collins,175
Andrew Collins,176
Emily Perez,177
Andrew Collins,178
Mia Anderson,179
Leah Garcia,180
Lily Green,181
Harper Young,182
Avery Carter,183
Scarlett Anderson,184
Jackson Cooper,185
Benjamin Wilson,186
Audrey Torres,187
Savannah Reed,188
Gabriel Mitchell,189
Elijah Johnson,190
Samuel Baker,191
Penelope Wright,192
Tyler Foster,193
Sophia Martinez,194
Caleb Brown,195
Mia Anderson,196
Addison Hill,197
Andrew Collins,198
Levi Ramirez,199
Ruby Nelson,200
